{
    "STATUS": [
        {
            "STATUS": "S",
            "When": 1680469749,
            "Code": 125,
            "Msg": "LCD",
            "Description": "BOSer boser-openwrt 0.1.0-d0ed01e3"
        }
    ],
    "LCD": [
        {
            "Best Share": 0,
            "Current Pool": "",
            "Elapsed": 0,
            "Found Blocks": 0,
            "GHS 5m": 0.0,
            "GHS 5s": 0.0,
            "GHS av": 0.0,
            "Last Share Difficulty": 0.0,
            "Last Share Time": 0,
            "Last Valid Work": 0,
            "Temperature": 0.0,
            "User": ""
        }
    ],
    "id": 1
}

{
    "STATUS": [
        {
            "STATUS": "S",
            "When": 1680469854,
            "Code": 11,
            "Msg": "Summary",
            "Description": "BOSer boser-openwrt 0.1.0-d0ed01e3"
        }
    ],
    "SUMMARY": [
        {
            "Accepted": 138523,
            "Best Share": 429796,
            "Device Hardware%": 0.0,
            "Device Rejected%": 0.0001787593825454642,
            "Difficulty Accepted": 14201716793.0,
            "Difficulty Rejected": 10277838.0,
            "Difficulty Stale": 0.0,
            "Discarded": 0,
            "Elapsed": 670325,
            "Found Blocks": 0,
            "Get Failures": 0,
            "Getworks": 24589,
            "Hardware Errors": 0,
            "Last getwork": 1680469854,
            "Local Work": 27605433528,
            "MHS 15m": 94992411.88339137,
            "MHS 1m": 94140421.69259049,
            "MHS 24h": 94347486.916887,
            "MHS 5m": 95163409.74889058,
            "MHS 5s": 109479943.29675657,
            "MHS av": 93406846.04903556,
            "Network Blocks": 0,
            "Pool Rejected%": 0.07357980162308386,
            "Pool Stale%": 0.0,
            "Rejected": 102,
            "Remote Failures": 0,
            "Stale": 0,
            "Total MH": 62613030382170.27,
            "Utility": 12.399030321112894,
            "Work Utility": 1307484.4307678083
        }
    ],
    "id": 1
}